course_code,section,weekday,start_time,end_time,building,room
TECH 115,1,Mon,15:00,16:45,ENG,103
TECH 147,11,Mon,7:30,10:15,ENG,103
TECH 165,1,Tue,10:30,11:20,ENG,103
TECH 165,1,Thu,10:30,11:20,ENG,103
TECH 165,11,Tue,13:30,16:15,ENG,103
TECH 171,1,Tue,7:30,8:45,ENG,103
TECH 171,1,Thu,7:30,8:45,ENG,103
TECH 171,2,Tue,9:00,10:15,ENG,103
TECH 171,2,Thu,9:00,10:15,ENG,103
TECH 179,2,Mon,12:00,13:15,ENG,103
TECH 179,2,Wed,12:00,13:15,ENG,103
TECH 190B,2,Wed,13:30,16:15,ENG,103
TECH 25,1,Wed,9:00,10:45,ENG,103
MATE 153,3,Tue,13:30,16:15,ENG,105
MATE 153,4,Wed,18:00,20:45,ENG,105
MATE 153,5,Wed,10:30,13:15,ENG,105
MATE 153,6,Fri,12:00,14:45,ENG,105
MATE 153,7,Fri,9:00,11:45,ENG,105
MATE 154,2,Thu,10:30,13:15,ENG,105
TECH 25,12,Thu,13:30,16:15,ENG,105
TECH 25,13,Thu,16:30,19:15,ENG,105
CHE 194,4,Tue,18:30,21:15,ENG,109
ME 115,1,Tue,13:30,16:15,ENG,113
ME 115,2,Tue,16:30,19:15,ENG,113
ME 115,3,Wed,16:30,19:15,ENG,113
ME 115,4,Thu,13:30,16:15,ENG,113
ME 115,5,Thu,16:30,19:15,ENG,113
EE 106,11,Tue,13:30,16:15,ENG,125
EE 106,12,Thu,13:30,16:15,ENG,125
EE 106,21,Tue,9:00,11:45,ENG,125
EE 106,22,Thu,9:00,11:45,ENG,125
EE 106,31,Mon,9:00,11:45,ENG,125
EE 106,32,Wed,9:00,11:45,ENG,125
EE 106,41,Mon,13:30,16:15,ENG,125
EE 106,42,Wed,13:30,16:15,ENG,125
ME 106,11,Tue,13:30,16:15,ENG,125
ME 106,12,Thu,13:30,16:15,ENG,125
ME 106,21,Tue,9:00,11:45,ENG,125
ME 106,22,Thu,9:00,11:45,ENG,125
ME 106,31,Mon,9:00,11:45,ENG,125
ME 106,32,Wed,9:00,11:45,ENG,125
ME 106,41,Mon,13:30,16:15,ENG,125
ME 106,42,Wed,13:30,16:15,ENG,125
CE 132,1,Tue,13:30,16:15,ENG,131
CE 163,1,Wed,13:30,16:15,ENG,131
CE 181,1,Mon,9:00,10:15,ENG,131
CE 181,1,Wed,9:00,10:15,ENG,131
CE 181,4,Mon,10:30,11:45,ENG,131
CE 181,4,Wed,10:30,11:45,ENG,131
CE 185,1,Fri,18:00,20:45,ENG,131
CE 8,2,Tue,9:00,11:45,ENG,132
CE 8,3,Thu,9:00,11:45,ENG,132
CE 8,4,Thu,13:30,16:15,ENG,132
CE 8,5,Tue,13:30,16:15,ENG,132
ME 120,2,Mon,9:00,11:45,ENG,133
ME 120,3,Mon,13:30,16:15,ENG,133
ME 120,4,Mon,16:30,19:15,ENG,133
ME 120,5,Tue,9:00,11:45,ENG,133
ME 120,6,Tue,13:30,16:15,ENG,133
ME 120,7,Thu,9:00,11:45,ENG,133
ME 120,10,Thu,13:30,16:15,ENG,133
CE 120,1,Mon,18:00,20:45,ENG,134
CE 120,2,Tue,18:00,20:45,ENG,134
CE 120,3,Wed,18:00,20:45,ENG,134
CE 162,2,Tue,13:30,16:15,ENG,134
CE 162,3,Thu,13:30,16:15,ENG,134
CE 162,4,Mon,13:30,16:15,ENG,134
CE 162,5,Wed,13:30,16:15,ENG,134
EE 106,1,Mon,9:00,10:15,ENG,135
EE 106,1,Wed,9:00,10:15,ENG,135
EE 106,2,Mon,10:30,11:45,ENG,135
EE 106,2,Wed,10:30,11:45,ENG,135
EE 106,3,Tue,19:30,20:45,ENG,135
EE 106,3,Thu,19:30,20:45,ENG,135
EE 106,4,Mon,12:00,13:15,ENG,135
EE 106,4,Wed,12:00,13:15,ENG,135
ME 106,1,Mon,9:00,10:15,ENG,135
ME 106,1,Wed,9:00,10:15,ENG,135
ME 106,2,Mon,10:30,11:45,ENG,135
ME 106,2,Wed,10:30,11:45,ENG,135
ME 106,3,Tue,19:30,20:45,ENG,135
ME 106,3,Thu,19:30,20:45,ENG,135
ME 106,4,Mon,12:00,13:15,ENG,135
ME 106,4,Wed,12:00,13:15,ENG,135
ME 154,2,Tue,10:30,12:10,ENG,135
ME 154,2,Thu,10:30,12:10,ENG,135
ME 190,11,Fri,13:30,16:15,ENG,135
ME 195B,3,Wed,13:30,16:15,ENG,135
ME 282,1,Tue,18:00,19:15,ENG,135
ME 282,1,Thu,18:00,19:15,ENG,135
CE 150,2,Mon,13:30,16:15,ENG,150
CE 150,3,Wed,13:30,16:15,ENG,150
CE 150,4,Thu,13:30,16:15,ENG,150
AE 166,3,Fri,11:30,13:30,ENG,164
AE 166,4,Fri,14:00,16:00,ENG,164
AE 180,1,Tue,18:00,18:50,ENG,164
AE 180,2,Tue,18:00,18:50,ENG,164
AE 180,2,Thu,18:00,18:50,ENG,164
AE 180,3,Tue,18:00,18:50,ENG,164
AE 180,3,Thu,18:00,18:50,ENG,164
AE 180,3,Fri,18:00,18:50,ENG,164
AE 167,1,Mon,13:30,14:45,ENG,189
AE 167,1,Wed,13:30,14:45,ENG,189
CE 8,1,Tue,8:00,8:50,ENG,189
CE 8,1,Thu,8:00,8:50,ENG,189
CHE 1,1,Mon,12:00,13:15,ENG,189
CHE 1,1,Wed,12:00,13:15,ENG,189
CMPE 126,1,Tue,10:30,11:20,ENG,189
CMPE 126,1,Thu,10:30,11:20,ENG,189
CMPE 195A,4,Fri,10:30,13:15,ENG,189
CMPE 195A,5,Fri,10:30,13:15,ENG,189
CMPE 195A,6,Fri,10:30,13:15,ENG,189
CMPE 195B,4,Fri,10:30,13:15,ENG,189
CMPE 195B,5,Fri,10:30,13:15,ENG,189
CMPE 195B,6,Fri,10:30,13:15,ENG,189
CMPE 30,1,Mon,10:30,11:20,ENG,189
CMPE 30,1,Wed,10:30,11:20,ENG,189
DATA 236,73,Tue,15:00,17:45,ENG,189
ISE 213,1,Tue,18:00,20:45,ENG,189
ME 111,1,Tue,12:00,13:15,ENG,189
ME 111,1,Thu,12:00,13:15,ENG,189
ME 113,1,Mon,16:30,18:10,ENG,189
ME 113,1,Wed,16:30,18:10,ENG,189
ME 120,1,Mon,8:00,8:50,ENG,189
ME 20,1,Mon,9:00,9:50,ENG,189
CMPE 295B,1,Fri,18:00,20:45,ENG,189
CMPE 295B,2,Fri,18:00,20:45,ENG,189
CMPE 295B,3,Fri,18:00,20:45,ENG,189
CMPE 295B,4,Fri,18:00,20:45,ENG,189
ISE 115,2,Thu,15:00,18:00,ENG,194
ISE 115,3,Thu,18:00,21:00,ENG,194
CHE 163L,2,Mon,15:00,17:45,ENG,205
CHE 163L,3,Tue,13:30,16:15,ENG,205
CMPE 126,2,Tue,14:30,17:20,ENG,206
CMPE 126,3,Thu,14:30,17:20,ENG,206
CE 140,2,Tue,13:30,16:15,ENG,209
CE 140,3,Thu,13:30,16:15,ENG,209
CE 140,4,Wed,13:30,16:15,ENG,209
CE 140,5,Mon,13:30,16:15,ENG,209
ME 20,2,Tue,9:00,11:45,ENG,213
ME 20,3,Tue,13:30,16:15,ENG,213
ME 20,4,Thu,9:00,11:45,ENG,213
ME 20,5,Thu,13:30,16:15,ENG,213
ME 20,6,Fri,13:30,16:15,ENG,213
ME 232,1,Tue,16:30,17:20,ENG,213
ME 232,1,Thu,16:30,17:20,ENG,213
ME 232,2,Fri,16:30,19:15,ENG,213
ME 30,2,Mon,10:30,13:15,ENG,213
ME 30,3,Mon,13:30,16:15,ENG,213
ME 30,4,Wed,9:00,11:45,ENG,213
ME 30,5,Wed,13:30,16:15,ENG,213
BIOL 177,2,Thu,12:00,14:45,ENG,221
BIOL 177,3,Wed,18:00,20:45,ENG,221
BME 115,2,Fri,9:00,11:45,ENG,221
BME 115,3,Tue,13:30,16:15,ENG,221
BME 116,2,Mon,12:00,14:45,ENG,221
BME 116,3,Tue,18:00,20:45,ENG,221
BME 116,4,Tue,9:00,11:45,ENG,221
BME 168,2,Wed,9:00,11:45,ENG,221
BME 168,3,Fri,15:00,17:45,ENG,221
BME 177,2,Thu,12:00,14:45,ENG,221
BME 177,3,Wed,18:00,20:45,ENG,221
BME 198B,2,Fri,9:30,12:15,ENG,221
MATE 141,2,Wed,16:30,19:15,ENG,223
MATE 146,2,Thu,13:30,16:15,ENG,223
MATE 146,3,Tue,18:00,20:45,ENG,223
AVIA 150,1,Mon,12:00,13:15,ENG,232
AVIA 150,1,Wed,12:00,13:15,ENG,232
CMPE 165,2,Mon,10:30,11:45,ENG,232
CMPE 165,2,Wed,10:30,11:45,ENG,232
CMPE 200,1,Mon,15:00,16:15,ENG,232
CMPE 200,1,Wed,15:00,16:15,ENG,232
CMPE 259,1,Tue,13:30,14:45,ENG,232
CMPE 259,1,Thu,13:30,14:45,ENG,232
CS 25,1,Tue,10:30,11:45,ENG,232
CS 25,1,Thu,10:30,11:45,ENG,232
EE 182,1,Tue,12:00,13:15,ENG,232
EE 182,1,Thu,12:00,13:15,ENG,232
EE 257,1,Tue,15:00,16:15,ENG,232
EE 257,1,Thu,15:00,16:15,ENG,232
EE 287,1,Tue,18:00,19:15,ENG,232
EE 287,1,Thu,18:00,19:15,ENG,232
EE 288,1,Mon,16:30,17:45,ENG,232
EE 288,1,Wed,16:30,17:45,ENG,232
ENGR 25,1,Tue,10:30,11:45,ENG,232
ENGR 25,1,Thu,10:30,11:45,ENG,232
ME 211,1,Tue,16:30,17:45,ENG,232
ME 211,1,Thu,16:30,17:45,ENG,232
TECH 65,1,Mon,9:00,9:50,ENG,232
TECH 65,1,Wed,9:00,9:50,ENG,232
TECH 65,2,Tue,9:00,9:50,ENG,232
TECH 65,2,Thu,9:00,9:50,ENG,232
EE 160,2,Mon,18:00,20:45,ENG,238
EE 160,3,Wed,18:00,20:45,ENG,238
EE 198A,1,Fri,10:00,12:45,ENG,238
EE 198B,1,Sat,9:00,18:00,ENG,238
AE 157,2,Tue,11:00,13:00,ENG,240
AE 157,3,Thu,11:00,13:00,ENG,240
AE 157,3,Tue,11:00,13:00,ENG,240
AE 157,5,Wed,16:30,18:30,ENG,240
AE 157,5,Tue,16:30,18:30,ENG,240
EE 198A,2,Fri,10:00,12:45,ENG,244
EE 198B,2,Sat,9:00,18:00,ENG,244
EE 97,1,Mon,13:30,16:15,ENG,249
EE 97,2,Tue,13:30,16:15,ENG,249
EE 97,3,Wed,13:30,16:15,ENG,249
EE 97,4,Thu,13:30,16:15,ENG,249
EE 97,5,Fri,9:30,12:15,ENG,249
EE 97,6,Fri,12:30,15:15,ENG,249
EE 97,7,Fri,15:30,18:15,ENG,249
EE 110L,1,Fri,9:30,12:15,ENG,258
EE 110L,3,Fri,12:30,15:15,ENG,258
EE 110L,5,Fri,15:30,18:15,ENG,258
EE 124,2,Tue,10:30,13:15,ENG,258
EE 124,3,Thu,10:30,13:15,ENG,258
EE 124,4,Mon,12:00,14:45,ENG,258
EE 124,5,Wed,12:00,14:45,ENG,258
CMPE 110,3,Wed,13:30,16:15,ENG,268
CMPE 110,5,Wed,18:00,20:45,ENG,268
CMPE 127,2,Thu,9:00,11:45,ENG,268
CMPE 127,3,Thu,13:30,16:15,ENG,268
CMPE 127,4,Mon,13:00,15:50,ENG,268
CMPE 124,2,Wed,15:00,17:45,ENG,278
CMPE 124,3,Mon,9:00,11:45,ENG,278
CMPE 124,4,Wed,9:00,11:45,ENG,278
CMPE 110,2,Mon,13:30,16:15,ENG,286
CMPE 125,2,Tue,9:00,11:45,ENG,288
CMPE 125,3,Tue,13:30,16:15,ENG,288
CMPE 125,5,Mon,18:00,20:45,ENG,288
CMPE 140,3,Mon,12:00,14:50,ENG,288
CMPE 140,5,Mon,9:00,11:45,ENG,288
CMPE 140,6,Wed,9:00,11:45,ENG,288
EE 198A,3,Fri,10:00,12:45,ENG,289
EE 198B,3,Sat,9:00,18:00,ENG,289
EE 110L,2,Fri,9:30,12:15,ENG,290
EE 110L,4,Fri,12:30,15:15,ENG,290
EE 122,3,Mon,15:00,17:45,ENG,290
EE 122,4,Wed,15:00,17:45,ENG,290
EE 122,5,Tue,10:30,13:15,ENG,290
EE 122,6,Thu,12:00,14:45,ENG,290
EE 122,7,Thu,15:00,17:45,ENG,290
EE 297A,1,Sat,9:00,18:00,ENG,291
AE 266,1,Mon,16:30,17:45,ENG,301
AE 266,1,Wed,16:30,17:45,ENG,301
CCS 30,3,Tue,10:30,11:45,ENG,301
CCS 30,3,Thu,10:30,11:45,ENG,301
CHE 172,1,Tue,18:00,20:45,ENG,301
CMPE 258,1,Tue,13:30,14:45,ENG,301
CMPE 258,1,Thu,13:30,14:45,ENG,301
CMPE 275,1,Mon,18:00,20:45,ENG,301
CMPE 286,1,Thu,18:00,20:45,ENG,301
EE 98,3,Mon,12:00,13:15,ENG,301
EE 98,3,Wed,12:00,13:15,ENG,301
ME 136,1,Mon,10:30,11:45,ENG,301
ME 136,1,Wed,10:30,11:45,ENG,301
CE 154,1,Tue,18:00,20:45,ENG,303
CMPE 272,1,Thu,18:00,20:45,ENG,303
EE 221,1,Mon,16:30,17:45,ENG,303
EE 221,1,Wed,16:30,17:45,ENG,303
ENGL 1B,11,Tue,9:00,10:15,ENG,303
ENGL 1B,11,Thu,9:00,10:15,ENG,303
ENGL 1B,15,Tue,10:30,11:45,ENG,303
ENGL 1B,15,Thu,10:30,11:45,ENG,303
ENGL 2,10,Mon,12:00,13:15,ENG,303
ENGL 2,10,Wed,12:00,13:15,ENG,303
ENGL 2,19,Tue,15:00,16:15,ENG,303
ENGL 2,19,Thu,15:00,16:15,ENG,303
ENGL 2,24,Tue,12:00,13:15,ENG,303
ENGL 2,24,Thu,12:00,13:15,ENG,303
ENGL 2,35,Mon,10:30,11:45,ENG,303
ENGL 2,35,Wed,10:30,11:45,ENG,303
ENGL 2,36,Mon,9:00,10:15,ENG,303
ENGL 2,36,Wed,9:00,10:15,ENG,303
ENGL 21,1,Tue,13:30,14:45,ENG,303
ENGL 21,1,Thu,13:30,14:45,ENG,303
AMS 10,8,Mon,15:00,16:15,ENG,303
EE 118,3,Mon,12:00,14:45,ENG,305
EE 118,4,Wed,12:00,14:45,ENG,305
EE 118,5,Tue,15:00,17:45,ENG,305
EE 118,6,Thu,15:00,17:45,ENG,305
EE 118,7,Mon,9:00,11:45,ENG,305
EE 120,3,Mon,10:30,13:15,ENG,307
EE 120,4,Wed,10:30,13:15,ENG,307
EE 120,5,Tue,12:00,14:45,ENG,307
EE 120,6,Thu,12:00,14:45,ENG,307
EE 120,7,Tue,9:00,11:45,ENG,307
EE 30,2,Mon,18:00,20:45,ENG,307
EE 30,3,Tue,18:00,20:45,ENG,307
CHE 1,2,Fri,9:00,11:45,ENG,317
CHE 1,3,Fri,12:00,14:45,ENG,317
CHE 1,4,Tue,9:00,11:45,ENG,317
CHE 1,5,Thu,9:00,11:45,ENG,317
CHE 1,6,Thu,12:00,14:45,ENG,317
CHE 1,7,Tue,12:00,14:45,ENG,317
EE 297A,2,Sat,9:00,18:00,ENG,317
EE 297B,1,Sat,9:00,18:00,ENG,319
CMPE 102,1,Mon,13:30,14:45,ENG,325
CMPE 102,1,Wed,13:30,14:45,ENG,325
CMPE 102,2,Mon,10:30,11:45,ENG,325
CMPE 102,2,Wed,10:30,11:45,ENG,325
CMPE 102,3,Tue,12:00,13:15,ENG,325
CMPE 102,3,Thu,12:00,13:15,ENG,325
CMPE 120,2,Mon,16:30,17:45,ENG,325
CMPE 120,2,Wed,16:30,17:45,ENG,325
CMPE 138,1,Tue,9:00,10:15,ENG,325
CMPE 138,1,Thu,9:00,10:15,ENG,325
CMPE 142,1,Mon,12:00,13:15,ENG,325
CMPE 142,1,Wed,12:00,13:15,ENG,325
CMPE 142,2,Mon,15:00,16:15,ENG,325
CMPE 142,2,Wed,15:00,16:15,ENG,325
CMPE 180B,1,Tue,16:30,17:45,ENG,325
CMPE 180B,1,Thu,16:30,17:45,ENG,325
CMPE 188,1,Tue,10:30,11:45,ENG,325
CMPE 188,1,Thu,10:30,11:45,ENG,325
CMPE 189,1,Mon,18:00,20:45,ENG,325
CMPE 257,3,Fri,9:30,12:15,ENG,325
CMPE 258,3,Fri,13:00,15:45,ENG,325
CMPE 294,4,Tue,13:30,14:45,ENG,325
CMPE 294,4,Thu,13:30,14:45,ENG,325
CE 246,1,Tue,18:00,20:45,ENG,327
CHIN 1A,1,Mon,10:30,12:10,ENG,327
CHIN 1A,1,Wed,10:30,12:10,ENG,327
ENGL 100WB,12,Mon,16:30,17:45,ENG,327
ENGL 100WB,12,Wed,16:30,17:45,ENG,327
ENGL 2,20,Tue,16:30,17:45,ENG,327
ENGL 2,20,Thu,16:30,17:45,ENG,327
ENGR 120,1,Thu,12:00,14:45,ENG,327
LING 164,1,Tue,10:30,11:45,ENG,327
LING 164,1,Thu,10:30,11:45,ENG,327
ME 195B,1,Wed,13:30,16:15,ENG,327
COMM 170F,1,Mon,9:00,10:15,ENG,327
BME 133,3,Fri,12:00,14:45,ENG,329
BME 133,4,Fri,15:00,17:45,ENG,329
BME 198B,1,Fri,8:30,9:20,ENG,329
BME 272,1,Tue,19:30,20:45,ENG,329
BME 272,1,Thu,19:30,20:45,ENG,329
CE 160,2,Tue,13:30,16:15,ENG,329
CE 170,2,Mon,13:30,16:15,ENG,329
CE 170,3,Wed,13:30,16:15,ENG,329
CHE 160A,1,Mon,10:30,11:45,ENG,329
CHE 160A,1,Wed,10:30,11:45,ENG,329
EE 102,2,Tue,9:00,10:15,ENG,329
EE 102,2,Thu,9:00,10:15,ENG,329
EE 118,1,Tue,7:30,8:45,ENG,329
EE 118,1,Thu,7:30,8:45,ENG,329
EE 98,2,Tue,10:30,11:45,ENG,329
EE 98,2,Thu,10:30,11:45,ENG,329
ENGR 295B,1,Thu,13:30,16:15,ENG,329
MATE 153,1,Mon,12:00,12:50,ENG,329
MATE 153,1,Wed,12:00,12:50,ENG,329
MATE 25,2,Mon,9:00,10:15,ENG,329
MATE 25,2,Wed,9:00,10:15,ENG,329
ME 130,1,Tue,12:00,13:15,ENG,329
ME 130,1,Thu,12:00,13:15,ENG,329
ME 154,3,Tue,16:30,18:10,ENG,329
ME 154,3,Thu,16:30,18:10,ENG,329
ME 260,1,Mon,18:00,19:15,ENG,329
ME 260,1,Wed,18:00,19:15,ENG,329
ME 273,1,Mon,19:30,20:45,ENG,329
ME 273,1,Wed,19:30,20:45,ENG,329
AVIA 50,2,Tue,7:30,8:45,ENG,331
AVIA 50,2,Thu,7:30,8:45,ENG,331
BME 165,1,Tue,15:00,16:15,ENG,331
BME 165,1,Thu,15:00,16:15,ENG,331
CE 170,1,Mon,9:00,9:50,ENG,331
CE 170,1,Wed,9:00,9:50,ENG,331
CE 95,3,Mon,12:00,13:15,ENG,331
CE 95,3,Wed,12:00,13:15,ENG,331
CMPE 131,1,Tue,18:00,20:45,ENG,331
CMPE 240,1,Mon,18:00,20:45,ENG,331
EE 118,2,Mon,10:30,11:45,ENG,331
EE 118,2,Wed,10:30,11:45,ENG,331
EE 273,1,Tue,16:30,17:45,ENG,331
EE 273,1,Thu,16:30,17:45,ENG,331
MATE 135,1,Tue,13:30,14:45,ENG,331
MATE 135,1,Thu,13:30,14:45,ENG,331
ME 114,3,Tue,12:00,13:15,ENG,331
ME 114,3,Thu,12:00,13:15,ENG,331
ME 135,1,Tue,13:30,14:45,ENG,331
ME 135,1,Thu,13:30,14:45,ENG,331
ME 147,1,Tue,10:30,11:45,ENG,331
ME 147,1,Thu,10:30,11:45,ENG,331
TECH 190B,3,Wed,13:30,16:15,ENG,331
TECH 45,1,Wed,16:30,19:15,ENG,331
AE 20,1,Tue,16:30,17:20,ENG,333
BME 210,1,Mon,19:30,20:45,ENG,333
BME 210,1,Wed,19:30,20:45,ENG,333
CHE 110A,1,Mon,13:30,14:20,ENG,333
CHE 110A,2,Wed,13:30,16:15,ENG,333
CHE 151,2,Tue,13:30,16:15,ENG,333
CHE 160A,2,Thu,13:30,16:15,ENG,333
CHE 165B,2,Fri,12:00,14:45,ENG,333
CHE 165B,3,Fri,9:00,11:45,ENG,333
CHE 281,1,Fri,15:00,16:45,ENG,333
CHE 281,2,Fri,17:00,19:45,ENG,333
CMPE 255,1,Tue,10:30,11:45,ENG,333
CMPE 255,1,Thu,10:30,11:45,ENG,333
MATE 281,1,Fri,15:00,16:45,ENG,333
MATE 281,2,Fri,17:00,19:45,ENG,333
ME 147,3,Tue,12:00,13:15,ENG,333
ME 147,3,Thu,12:00,13:15,ENG,333
ME 170,1,Mon,18:00,19:15,ENG,333
ME 170,1,Wed,18:00,19:15,ENG,333
ME 181,1,Mon,16:30,17:45,ENG,333
ME 181,1,Wed,16:30,17:45,ENG,333
ME 190,1,Mon,10:30,11:20,ENG,333
ME 190,1,Wed,10:30,11:20,ENG,333
ME 230,1,Tue,18:00,19:15,ENG,333
ME 230,1,Thu,18:00,19:15,ENG,333
ME 271,1,Tue,19:30,20:45,ENG,333
ME 271,1,Thu,19:30,20:45,ENG,333
BUS 220K,1,Mon,11:30,13:15,ENG,333
CE 181,3,Wed,18:00,20:45,ENG,335
CE 234,1,Tue,18:00,20:45,ENG,335
ENGR 295A,2,Thu,9:00,11:45,ENG,335
ISE 202,1,Mon,18:00,20:45,ENG,335
TA 100W,1,Mon,10:30,11:45,ENG,335
TA 100W,1,Wed,10:30,11:45,ENG,335
CHE 194,3,Tue,16:30,18:20,ENG,336
ENGR 199B,1,Fri,13:00,16:00,ENG,336
ISE 211,1,Wed,18:00,20:45,ENG,336
MATE 151,1,Mon,10:30,11:45,ENG,336
MATE 151,1,Wed,10:30,11:45,ENG,336
MATE 154,1,Tue,10:30,12:20,ENG,336
MATE 155,1,Mon,13:30,14:45,ENG,336
MATE 155,1,Wed,13:30,14:45,ENG,336
CMPE 131,4,Tue,12:00,13:15,ENG,337
CMPE 131,4,Thu,12:00,13:15,ENG,337
CMPE 131,6,Thu,18:00,20:45,ENG,337
CMPE 152,1,Mon,10:30,11:45,ENG,337
CMPE 152,1,Wed,10:30,11:45,ENG,337
CMPE 182,2,Mon,7:30,8:45,ENG,337
CMPE 182,2,Wed,7:30,8:45,ENG,337
CMPE 187,3,Mon,15:00,16:15,ENG,337
CMPE 187,3,Wed,15:00,16:15,ENG,337
CMPE 220,1,Mon,16:30,17:45,ENG,337
CMPE 220,1,Wed,16:30,17:45,ENG,337
CMPE 257,4,Mon,18:00,20:45,ENG,337
CMPE 272,4,Tue,18:00,20:45,ENG,337
CMPE 273,1,Wed,18:00,20:45,ENG,337
CMPE 281,2,Mon,9:00,10:15,ENG,337
CMPE 281,2,Wed,9:00,10:15,ENG,337
CMPE 287,1,Tue,15:00,16:15,ENG,337
CMPE 287,1,Thu,15:00,16:15,ENG,337
CMPE 50,1,Tue,13:30,14:20,ENG,337
CMPE 50,1,Thu,13:30,14:20,ENG,337
EE 140,2,Mon,13:30,14:45,ENG,337
EE 140,2,Wed,13:30,14:45,ENG,337
TECH 66,1,Tue,10:30,11:20,ENG,337
TECH 66,1,Thu,10:30,11:20,ENG,337
COMM 20,61,Mon,13:30,14:45,ENG,338
COMM 20,61,Wed,13:30,14:45,ENG,338
ECON 107,1,Mon,15:00,16:15,ENG,338
ECON 107,1,Wed,15:00,16:15,ENG,338
ECON 107,10,Mon,16:30,17:20,ENG,338
ECON 107,10,Wed,16:30,17:20,ENG,338
EE 129,2,Tue,18:00,20:45,ENG,338
EE 129,4,Fri,9:00,11:45,ENG,338
ENVS 107,1,Mon,15:00,16:15,ENG,338
ENVS 107,1,Wed,15:00,16:15,ENG,338
ENVS 107,10,Mon,16:30,17:20,ENG,338
ENVS 107,10,Wed,16:30,17:20,ENG,338
LING 112,1,Tue,15:00,16:15,ENG,338
LING 112,1,Thu,15:00,16:15,ENG,338
LING 20,1,Tue,13:30,14:45,ENG,338
LING 20,1,Thu,13:30,14:45,ENG,338
MATE 129,2,Tue,18:00,20:45,ENG,338
MATE 129,4,Fri,9:00,11:45,ENG,338
PSYC 100W,2,Mon,10:30,11:45,ENG,338
PSYC 100W,2,Wed,10:30,11:45,ENG,338
PSYC 100W,8,Mon,7:30,8:45,ENG,338
PSYC 100W,8,Wed,7:30,8:45,ENG,338
PSYC 18,2,Mon,12:00,13:15,ENG,338
PSYC 18,2,Wed,12:00,13:15,ENG,338
PSYC 190,7,Tue,12:00,13:15,ENG,338
PSYC 190,7,Thu,12:00,13:15,ENG,338
AE 169,1,Fri,15:00,17:45,ENG,339
AVIA 73,2,Tue,10:30,11:45,ENG,339
AVIA 73,2,Thu,10:30,11:45,ENG,339
BIOL 177,1,Mon,12:00,12:50,ENG,339
BIOL 177,1,Wed,12:00,12:50,ENG,339
BME 115,1,Tue,12:00,13:15,ENG,339
BME 115,1,Thu,12:00,13:15,ENG,339
BME 130,2,Fri,12:00,14:45,ENG,339
BME 147,1,Tue,16:30,17:45,ENG,339
BME 147,1,Thu,16:30,17:45,ENG,339
BME 177,1,Mon,12:00,12:50,ENG,339
BME 177,1,Wed,12:00,12:50,ENG,339
BME 298,1,Fri,18:00,20:45,ENG,339
BME 299,1,Fri,18:00,20:45,ENG,339
CE 121,2,Mon,13:30,16:15,ENG,339
CE 121,3,Wed,13:30,16:15,ENG,339
CMPE 148,1,Tue,18:00,20:45,ENG,339
CMPE 148,3,Mon,7:30,8:45,ENG,339
CMPE 148,3,Wed,7:30,8:45,ENG,339
EE 102,1,Mon,9:00,10:15,ENG,339
EE 102,1,Wed,9:00,10:15,ENG,339
ISE 120,2,Thu,18:00,20:45,ENG,339
ISE 233,1,Fri,9:00,11:45,ENG,339
ME 114,1,Mon,18:00,19:15,ENG,339
ME 114,1,Wed,18:00,19:15,ENG,339
ME 114,2,Mon,19:30,20:45,ENG,339
ME 114,2,Wed,19:30,20:45,ENG,339
ME 130,3,Tue,9:00,10:15,ENG,339
ME 130,3,Thu,9:00,10:15,ENG,339
ME 147,2,Tue,13:30,14:45,ENG,339
ME 147,2,Thu,13:30,14:45,ENG,339
ME 165,1,Mon,16:30,17:45,ENG,339
ME 165,1,Wed,16:30,17:45,ENG,339
BME 291,1,Fri,18:00,20:45,ENG,340
BME 65,5,Mon,9:00,11:45,ENG,340
CHE 185,1,Mon,13:30,14:20,ENG,340
CHE 185,2,Wed,13:30,16:15,ENG,340
CMPE 146,6,Thu,15:00,17:50,ENG,340
CMPE 256,1,Tue,10:30,11:45,ENG,340
CMPE 256,1,Thu,10:30,11:45,ENG,340
ISE 216,1,Tue,15:00,17:45,ENG,340
MATE 198B,1,Fri,9:00,9:50,ENG,340
MATE 198B,2,Fri,10:00,12:45,ENG,340
ME 157,1,Mon,12:00,13:15,ENG,340
ME 157,1,Wed,12:00,13:15,ENG,340
TECH 147,1,Wed,7:30,9:15,ENG,340
AE 162,2,Tue,18:00,19:00,ENG,340
AE 162,2,Tue,19:05,20:50,ENG,107
AE 162,3,Thu,18:00,19:00,ENG,340
AE 162,3,Thu,19:05,20:50,ENG,107
AE 162,4,Mon,16:30,17:30,ENG,340
AE 162,4,Mon,17:35,19:20,ENG,107
AVIA 50,3,Tue,15:00,16:15,ENG,341
AVIA 50,3,Thu,15:00,16:15,ENG,341
AVIA 78,2,Tue,12:00,13:15,ENG,341
AVIA 78,2,Thu,12:00,13:15,ENG,341
BME 65,4,Tue,9:00,9:50,ENG,341
BME 65,4,Thu,9:00,9:50,ENG,341
CE 112,1,Mon,10:30,11:45,ENG,341
CE 112,1,Wed,10:30,11:45,ENG,341
CE 162,1,Tue,10:30,11:20,ENG,341
CE 162,1,Thu,10:30,11:20,ENG,341
CE 95,1,Mon,9:00,10:15,ENG,341
CE 95,1,Wed,9:00,10:15,ENG,341
CE 95,4,Tue,16:30,17:45,ENG,341
CE 95,4,Thu,16:30,17:45,ENG,341
CHE 114,1,Thu,18:00,20:45,ENG,341
CHE 151,1,Mon,12:00,13:15,ENG,341
CHE 151,1,Wed,12:00,13:15,ENG,341
CMPE 165,1,Mon,18:00,20:45,ENG,341
CMPE 180C,1,Wed,18:00,20:45,ENG,341
CMPE 206,1,Tue,18:00,20:45,ENG,341
ISE 151,1,Mon,13:30,14:45,ENG,341
ISE 151,1,Wed,13:30,14:45,ENG,341
MATE 25,1,Mon,16:30,17:45,ENG,341
MATE 25,1,Wed,16:30,17:45,ENG,341
AE 114,1,Mon,9:00,10:15,ENG,343
AE 114,1,Wed,9:00,10:15,ENG,343
AE 173,1,Mon,10:30,11:45,ENG,343
AE 173,1,Wed,10:30,11:45,ENG,343
AVIA 141,1,Mon,13:30,14:45,ENG,343
AVIA 141,1,Wed,13:30,14:45,ENG,343
AVIA 176,1,Tue,13:30,14:45,ENG,343
AVIA 176,1,Thu,13:30,14:45,ENG,343
AVIA 78,1,Tue,10:30,11:45,ENG,343
AVIA 78,1,Thu,10:30,11:45,ENG,343
BME 185,1,Mon,16:30,17:45,ENG,343
BME 185,1,Wed,16:30,17:45,ENG,343
CMPE 102,4,Tue,8:00,9:15,ENG,343
CMPE 102,4,Thu,8:00,9:15,ENG,343
CMPE 132,2,Wed,18:00,20:45,ENG,343
CMPE 148,2,Mon,18:00,20:45,ENG,343
CMPE 202,1,Tue,18:00,20:45,ENG,343
CMPE 202,2,Thu,18:00,20:45,ENG,343
CMPE 260,1,Tue,15:00,16:15,ENG,343
CMPE 260,1,Thu,15:00,16:15,ENG,343
EE 120,2,Mon,12:00,13:15,ENG,343
EE 120,2,Wed,12:00,13:15,ENG,343
EE 250,1,Mon,15:00,16:15,ENG,343
EE 250,1,Wed,15:00,16:15,ENG,343
ISE 170,1,Tue,12:00,13:15,ENG,343
ISE 170,1,Thu,12:00,13:15,ENG,343
TECH 30,1,Tue,16:30,17:45,ENG,343
TECH 30,1,Thu,16:30,17:45,ENG,343
EE 110,1,Mon,9:00,10:15,ENG,345
EE 110,1,Wed,9:00,10:15,ENG,345
EE 110,2,Mon,15:00,16:15,ENG,345
EE 110,2,Wed,15:00,16:15,ENG,345
EE 112,1,Tue,10:30,11:45,ENG,345
EE 112,1,Thu,10:30,11:45,ENG,345
EE 112,2,Tue,13:30,14:45,ENG,345
EE 112,2,Thu,13:30,14:45,ENG,345
EE 120,1,Mon,13:30,14:45,ENG,345
EE 120,1,Wed,13:30,14:45,ENG,345
EE 122,1,Tue,7:30,8:45,ENG,345
EE 122,1,Thu,7:30,8:45,ENG,345
EE 122,2,Tue,9:00,10:15,ENG,345
EE 122,2,Thu,9:00,10:15,ENG,345
EE 124,6,Mon,7:30,8:45,ENG,345
EE 124,6,Wed,7:30,8:45,ENG,345
EE 132,1,Tue,18:00,19:15,ENG,345
EE 132,1,Thu,18:00,19:15,ENG,345
EE 140,1,Tue,16:30,17:45,ENG,345
EE 140,1,Thu,16:30,17:45,ENG,345
EE 198A,4,Fri,10:00,12:45,ENG,345
EE 220,1,Mon,19:30,20:45,ENG,345
EE 220,1,Wed,19:30,20:45,ENG,345
EE 267,2,Fri,15:30,18:15,ENG,345
EE 271,1,Fri,18:30,21:15,ENG,345
EE 277A,1,Tue,19:30,20:45,ENG,345
EE 277A,1,Thu,19:30,20:45,ENG,345
EE 295,1,Mon,18:00,19:15,ENG,345
EE 295,1,Wed,18:00,19:15,ENG,345
EE 30,1,Mon,12:00,12:50,ENG,345
EE 30,1,Wed,12:00,12:50,ENG,345
EE 98,1,Mon,10:30,11:45,ENG,345
EE 98,1,Wed,10:30,11:45,ENG,345
EE 98,4,Tue,12:00,13:15,ENG,345
EE 98,4,Thu,12:00,13:15,ENG,345
EE 98,5,Mon,16:30,17:45,ENG,345
EE 98,5,Wed,16:30,17:45,ENG,345
EE 198B,4,Sat,9:00,18:00,ENG,376
EE 297B,2,Sat,9:00,18:00,ENG,386
CE 20,2,Tue,9:00,11:45,ENG,388
CE 20,4,Thu,9:00,11:45,ENG,388
EE 297B,3,Sat,9:00,18:00,ENG,389
ENGR 10,3,Thu,9:00,11:45,ENG,391
ENGR 10,4,Tue,15:00,17:45,ENG,391
ENGR 10,5,Thu,15:00,17:45,ENG,391
ENGR 10,6,Wed,9:00,11:45,ENG,391
ENGR 10,7,Wed,16:00,18:45,ENG,391
ENGR 10,8,Fri,9:00,11:45,ENG,391
ENGR 10,9,Fri,12:30,15:15,ENG,391
ENGR 10,10,Tue,12:00,14:45,ENG,391
ENGR 10,11,Tue,18:00,20:45,ENG,391
ENGR 10,12,Thu,12:00,14:45,ENG,391
ENGR 10,14,Tue,9:00,11:45,ENG,391
ENGR 10,16,Thu,18:00,20:45,ENG,391
ENGR 100W,1,Mon,7:30,8:20,ENG,392
ENGR 100W,1,Wed,7:30,8:20,ENG,392
ENGR 100W,5,Mon,9:30,10:20,ENG,392
ENGR 100W,5,Wed,9:30,10:20,ENG,392
ENGR 100W,13,Mon,13:30,14:20,ENG,392
ENGR 100W,13,Wed,13:30,14:20,ENG,392
ENGR 100W,23,Tue,14:00,15:40,ENG,392
ENGR 100W,24,Thu,14:00,16:50,ENG,392
ENGR 100W,27,Tue,8:00,8:50,ENG,392
ENGR 100W,27,Thu,8:00,8:50,ENG,392
ENGR 100W,28,Tue,8:50,10:20,ENG,392
ENGR 100W,28,Thu,8:50,10:20,ENG,392
ENGR 100W,53,Mon,18:00,18:50,ENG,392
ENGR 100W,53,Wed,18:00,18:50,ENG,392
ENGR 100W,54,Mon,18:50,20:20,ENG,392
ENGR 100W,54,Wed,18:50,20:20,ENG,392
ENGR 100W,71,Tue,11:00,12:40,ENG,392
ENGR 100W,72,Thu,11:00,13:45,ENG,392
ENGR 100W,75,Fri,9:30,11:10,ENG,392
ENGR 100W,76,Fri,11:30,14:30,ENG,392
ENGR 100W,2,Mon,8:20,9:10,ENG,392
ENGR 100W,2,Wed,8:20,9:10,ENG,392
ENGR 100W,6,Mon,10:20,11:10,ENG,392
ENGR 100W,6,Wed,10:20,11:10,ENG,392
ENGR 100W,14,Mon,14:20,15:10,ENG,392
ENGR 100W,14,Wed,14:20,15:10,ENG,392
ENGR 10,15,Wed,9:00,11:45,ENG,393
ENGR 10,20,Thu,9:00,11:45,ENG,393
ENGR 10,21,Fri,12:30,15:15,ENG,393
ENGR 10,23,Fri,9:00,11:45,ENG,393
ENGR 10,24,Tue,9:00,11:45,ENG,393
ENGR 10,25,Wed,16:00,18:45,ENG,393
ENGR 100W,7,Mon,9:30,10:20,ENG,394
ENGR 100W,7,Wed,9:30,10:20,ENG,394
ENGR 100W,11,Mon,13:30,14:20,ENG,394
ENGR 100W,11,Wed,13:30,14:20,ENG,394
ENGR 100W,21,Fri,9:30,11:10,ENG,394
ENGR 100W,22,Fri,11:30,14:30,ENG,394
ENGR 100W,25,Tue,11:00,12:40,ENG,394
ENGR 100W,26,Thu,11:00,13:45,ENG,394
ENGR 100W,33,Tue,14:00,15:40,ENG,394
ENGR 100W,34,Thu,14:00,16:50,ENG,394
ENGR 100W,8,Mon,10:20,11:10,ENG,394
ENGR 100W,8,Wed,10:20,11:10,ENG,394
ENGR 100W,12,Mon,14:20,15:10,ENG,394
ENGR 100W,12,Wed,14:20,15:10,ENG,394
BME 65,6,Thu,18:00,20:45,ENG,395
CE 160,4,Tue,18:00,20:45,ENG,395
CHE 115,1,Mon,9:00,10:15,ENG,395
CHE 115,1,Wed,9:00,10:15,ENG,395
ENGL 2,7,Mon,12:00,13:15,ENG,395
ENGL 2,7,Wed,12:00,13:15,ENG,395
ENGL 2,13,Mon,10:30,11:45,ENG,395
ENGL 2,13,Wed,10:30,11:45,ENG,395
ENGR 122,1,Thu,15:00,17:45,ENG,395
ENGR 195E,1,Fri,10:00,12:45,ENG,395
MATE 141,1,Mon,16:30,18:15,ENG,395
MATE 152,1,Tue,9:00,10:15,ENG,395
MATE 152,1,Thu,9:00,10:15,ENG,395
AMS 12,2,Tue,10:30,11:45,ENG,395
AMS 12,2,Thu,10:30,11:45,ENG,395
CCS 30,6,Mon,13:30,14:45,ENG,401
CCS 30,6,Wed,13:30,14:45,ENG,401
CE 204,1,Thu,18:00,20:45,ENG,401
CE 261,1,Mon,18:00,20:45,ENG,401
CMPE 130,2,Mon,15:00,16:15,ENG,401
CMPE 130,2,Wed,15:00,16:15,ENG,401
CMPE 252,2,Tue,18:00,20:45,ENG,401
ENGL 1B,2,Tue,9:00,10:15,ENG,401
ENGL 1B,2,Thu,9:00,10:15,ENG,401
ENGL 1B,3,Tue,10:30,11:45,ENG,401
ENGL 1B,3,Thu,10:30,11:45,ENG,401
ENGL 2,3,Tue,12:00,13:15,ENG,401
ENGL 2,3,Thu,12:00,13:15,ENG,401
ENGL 2,4,Tue,13:30,14:45,ENG,401
ENGL 2,4,Thu,13:30,14:45,ENG,401
ENGL 2,27,Mon,10:30,11:45,ENG,401
ENGL 2,27,Wed,10:30,11:45,ENG,401
ENGL 2,37,Mon,9:00,10:15,ENG,401
ENGL 2,37,Wed,9:00,10:15,ENG,401
ME 182,1,Tue,16:30,17:45,ENG,401
ME 182,1,Thu,16:30,17:45,ENG,401
CE 123,1,Mon,18:00,20:45,ENG,403
CE 144,1,Wed,18:00,20:45,ENG,403
CMPE 180A,1,Thu,18:00,20:45,ENG,403
FS 100W,1,Mon,12:00,13:15,ENG,403
FS 100W,1,Wed,12:00,13:15,ENG,403
GEOG 112,2,Mon,10:30,11:45,ENG,403
GEOG 112,2,Wed,10:30,11:45,ENG,403
PH 172,2,Tue,10:30,11:45,ENG,403
PH 172,2,Thu,10:30,11:45,ENG,403
STAT 95,4,Tue,12:00,13:15,ENG,403
STAT 95,4,Thu,12:00,13:15,ENG,403
CMPE 146,2,Mon,15:00,17:50,ENG,405
CMPE 146,3,Wed,15:00,17:50,ENG,405
CMPE 146,5,Wed,10:30,13:20,ENG,405
CMPE 30,5,Tue,9:00,11:45,ENG,405
CMPE 30,6,Thu,9:00,11:45,ENG,405
CMPE 30,7,Tue,18:00,20:45,ENG,405
AE 20,2,Tue,18:00,20:50,ENG,407
AE 20,3,Thu,18:00,20:45,ENG,407
AE 30,2,Mon,13:30,16:20,ENG,407
AE 30,3,Wed,13:30,16:20,ENG,407
AE 30,4,Mon,16:30,19:15,ENG,407
CE 20,3,Tue,13:30,16:15,ENG,407
ENGR 100W,19,Fri,9:30,11:10,ENG,407
ENGR 100W,20,Fri,11:30,14:30,ENG,407
ISE 167,1,Mon,8:30,10:10,ENG,407
ISE 167,2,Mon,10:20,13:20,ENG,407
CMPE 50,5,Tue,15:00,17:45,ENG,489
CMPE 50,6,Thu,15:00,17:45,ENG,489
TECH 170,11,Wed,9:00,11:45,ENG,490
TECH 179,1,Mon,7:30,8:45,ENG,490
TECH 179,1,Wed,7:30,8:45,ENG,490
TECH 65,11,Mon,10:30,13:15,ENG,490
TECH 65,12,Tue,13:30,16:15,ENG,490
TECH 66,11,Fri,9:00,11:45,ENG,490
TECH 66,12,Tue,9:00,11:45,ENG,490
TECH 66,13,Thu,18:00,20:45,ENG,490
TECH 66,14,Mon,18:00,20:45,ENG,490
TECH 67,11,Wed,13:30,16:15,ENG,490
TECH 67,12,Wed,16:30,19:15,ENG,490
TECH 68,11,Fri,15:00,17:45,ENG,490
CMPE 294,5,Mon,16:30,17:45,ENG,492
CMPE 294,5,Wed,16:30,17:45,ENG,492
CMPE 294,7,Mon,15:00,16:15,ENG,492
CMPE 294,7,Wed,15:00,16:15,ENG,492
ENGR 100W,9,Mon,9:30,10:20,ENG,492
ENGR 100W,9,Wed,9:30,10:20,ENG,492
ENGR 100W,10,Mon,10:20,11:10,ENG,492
ENGR 100W,10,Wed,10:20,11:10,ENG,492